datetime	issuance_year	coupon	maturity	price	yield	calc date	unit	quantity	trade_type
01/27/2025 12:07:29 PM	2023	4	12/01/2047	98.167	4.124	12/01/2047	100	15000	Inter-dealer trade	
01/27/2025 12:07:29 PM	2023	4	12/01/2047	98.232	4.12	12/01/2047	100	15000	Customer bought
01/27/2025 12:33:43 PM	2023	4	12/01/2047	98.167	4.124	12/01/2047	100	15000	Customer sold	
01/28/2025 11:28:43 AM	2021	5	09/15/2027	105.737	2.722	09/15/2027	100	15000	Customer sold
01/28/2025 12:36:00 PM	2021	3	09/15/2032	97.779	3.332	09/15/2032	100	40000	Inter-dealer trade
01/28/2025 12:36:04 PM	2021	3	09/15/2032	97.979	3.302	09/15/2032	100	40000	Customer bought
01/28/2025 12:48:59 PM	2018	4	12/01/2032	101.878	3.3	12/01/2027	100	15000	Inter-dealer trade	
01/28/2025 01:32:53 PM	2017	5	12/01/2026	104.352	2.56	12/01/2026	100	75000	Customer bought
01/29/2025 12:41:27 PM	2023	5	12/01/2032	116.311	2.678	12/01/2032	100	100000	Customer bought
01/29/2025 12:41:27 PM	2023	5	12/01/2032	116.298	2.68	12/01/2032	100	100000	Inter-dealer trade	
01/29/2025 02:42:34 PM	2023	5	12/01/2026	104.1	2.694	12/01/2026	100	135000	Customer sold
01/29/2025 04:20:07 PM	2023	4	12/01/2047	99.056	4.064	12/01/2047	100	5000	Customer sold
01/29/2025 04:20:07 PM	2023	4	12/01/2047	99.196	4.054	12/01/2047	100	5000	Inter-dealer trade
01/29/2025 04:20:07 PM	2023	4	12/01/2047	99.196	4.054	12/01/2047	100	5000	Inter-dealer trade	
01/29/2025 04:20:07 PM	2023	4	12/01/2047	99.296	4.047	12/01/2047	100	5000	Customer bought
01/30/2025 12:20:00 PM	2022	5	10/15/2027	106.148	2.629	10/15/2027	100	50000	Inter-dealer trade	
01/30/2025 12:20:25 PM	2022	5	10/15/2027	106.02	2.677	10/15/2027	100	50000	Customer sold
01/30/2025 01:17:52 PM	2019	5	09/01/2029	107.401	2.814	09/01/2028	100	50000	Inter-dealer trade	
01/30/2025 01:17:52 PM	2019	5	09/01/2029	107.301	2.842	09/01/2028	100	50000	Customer sold
01/30/2025 03:09:12 PM	2019	2.25	09/01/2032	87.2	4.241	09/01/2032	100	10000	Customer sold
01/30/2025 03:09:12 PM	2019	2.25	09/01/2032	87.3	4.225	09/01/2032	100	10000	Inter-dealer trade	
01/30/2025 03:09:12 PM	2019	2.25	09/01/2032	87.38	4.211	09/01/2032	100	10000	Customer bought
01/30/2025 03:09:12 PM	2019	2.25	09/01/2032	87.3	4.225	09/01/2032	100	10000	Inter-dealer trade
01/30/2025 04:27:46 PM	2022	4	10/15/2031	105.693	2.909	10/15/2030	100	10000	Customer sold
01/31/2025 02:03:45 PM	2012	2.375	11/15/2027	96.114	3.86	11/15/2027	100	20000	Inter-dealer trade	
01/31/2025 02:03:45 PM	2012	2.375	11/15/2027	96.114	3.86	11/15/2027	100	20000	Inter-dealer trade	
01/31/2025 02:03:45 PM	2012	2.375	11/15/2027	96.018	3.897	11/15/2027	100	20000	Inter-dealer trade
01/31/2025 02:03:45 PM	2012	2.375	11/15/2027	95.537	4.087	11/15/2027	100	20000	Customer sold
02/03/2025 08:59:45 AM	2023	5	12/01/2032	116.584	2.64	12/01/2032	100	150000	Customer bought	
02/03/2025 09:40:20 AM	2016	4	11/01/2028	101.944	2.846	11/01/2026	100	25000	Inter-dealer trade
02/03/2025 09:40:22 AM	2016	4	11/01/2028	101.944	2.846	11/01/2026	100	25000	Customer bought	
02/03/2025 11:19:21 AM	2022	5	10/15/2032	113.416	2.789	10/15/2031	100	50000	Customer sold
02/03/2025 01:05:49 PM	2023	4	12/01/2048	97.885	4.14	12/01/2048	100	35000	Customer bought
02/03/2025 01:05:49 PM	2023	4	12/01/2048	97.82	4.145	12/01/2048	100	35000	Inter-dealer trade	
02/03/2025 01:05:49 PM	2023	4	12/01/2048	97.82	4.145	12/01/2048	100	35000	Inter-dealer trade
02/03/2025 01:05:49 PM	2023	4	12/01/2048	97.72	4.151	12/01/2048	100	35000	Customer sold
02/03/2025 03:18:45 PM	2022	5	10/15/2028	108.625	2.54	10/15/2028	100	20000	Inter-dealer trade
02/03/2025 03:18:45 PM	2022	5	10/15/2028	108.625	2.54	10/15/2028	100	20000	Customer sold
02/04/2025 12:04:37 PM	2022	5	10/15/2032	114.127	2.68	10/15/2031	100	50000	Customer bought
02/04/2025 12:22:09 PM	2012	2.375	11/15/2027	97.294	3.403	11/15/2027	100	20000	Customer bought	
02/04/2025 12:22:09 PM	2012	2.375	11/15/2027	97.294	3.403	11/15/2027	100	20000	Inter-dealer trade
02/04/2025 12:22:09 PM	2012	2.375	11/15/2027	97.169	3.452	11/15/2027	100	20000	Inter-dealer trade	
02/04/2025 12:22:09 PM	2012	2.375	11/15/2027	97.294	3.403	11/15/2027	100	20000	Inter-dealer trade	
02/04/2025 01:12:08 PM	2022	5	10/15/2025	101.449	2.871	10/15/2025	100	10000	Customer bought
02/04/2025 01:12:08 PM	2022	5	10/15/2025	101.428	2.902	10/15/2025	100	10000	Customer sold
02/04/2025 02:22:56 PM	2016	3	11/01/2033	96.041	3.53	11/01/2033	100	100000	Customer bought
02/06/2025 09:00:13 AM	2025	4	02/01/2053	97.68	4.141	02/01/2053	100	280000	Inter-dealer trade	
02/06/2025 09:00:15 AM	2025	4	02/01/2055	97.275	4.16	02/01/2055	100	150000	Inter-dealer trade	
02/06/2025 09:01:16 AM	2025	5	02/01/2027	104.771	2.45	02/01/2027	100	55000	Customer bought	
02/06/2025 09:01:22 AM	2025	5	02/01/2028	107.072	2.48	02/01/2028	100	50000	Customer bought	
02/06/2025 09:01:29 AM	2025	5	02/01/2030	111.374	2.53	02/01/2030	100	235000	Customer bought	
02/06/2025 09:01:35 AM	2025	5	02/01/2031	113.456	2.54	02/01/2031	100	195000	Customer bought	
02/06/2025 09:01:41 AM	2025	5	02/01/2034	118.484	2.66	02/01/2034	100	435000	Customer bought	
02/06/2025 09:01:47 AM	2025	4	02/01/2035	109.834	2.75	02/01/2034	100	150000	Customer bought	
02/06/2025 09:01:53 AM	2025	4	02/01/2037	108.595	2.9	02/01/2034	100	25000	Customer bought	
02/06/2025 09:01:59 AM	2025	4	02/01/2040	105.769	3.25	02/01/2034	100	55000	Customer bought	
02/06/2025 09:02:05 AM	2025	4	02/01/2044	101.197	3.84	02/01/2034	100	45000	Customer bought	
02/06/2025 09:02:19 AM	2025	5	02/01/2030	111.374	2.53	02/01/2030	100	190000	Customer bought	
02/06/2025 09:02:25 AM	2025	5	02/01/2027	104.771	2.45	02/01/2027	100	580000	Customer bought	
02/06/2025 09:02:30 AM	2025	5	02/01/2028	107.072	2.48	02/01/2028	100	595000	Customer bought	
02/06/2025 09:02:38 AM	2025	5	02/01/2026	102.341	2.431	02/01/2026	100	235000	Customer bought	
02/06/2025 09:02:44 AM	2025	5	02/01/2032	115.329	2.57	02/01/2032	100	580000	Customer bought	
02/06/2025 09:02:49 AM	2025	4	02/01/2051	98.567	4.09	02/01/2051	100	1520000	Customer bought	
02/06/2025 09:02:56 AM	2025	5	02/01/2029	109.295	2.5	02/01/2029	100	550000	Customer bought	
02/06/2025 09:03:03 AM	2025	5	02/01/2033	116.935	2.62	02/01/2033	100	555000	Customer bought	
02/06/2025 09:03:08 AM	2025	5	02/01/2030	111.374	2.53	02/01/2030	100	150000	Customer bought	
02/06/2025 09:03:14 AM	2025	5	02/01/2034	118.484	2.66	02/01/2034	100	120000	Customer bought	
02/06/2025 09:04:38 AM	2025	4	02/01/2044	101.197	3.84	02/01/2034	100	90000	Customer bought	
02/06/2025 09:04:38 AM	2025	4	02/01/2044	101.197	3.84	02/01/2034	100	90000	Inter-dealer trade	
02/06/2025 09:04:40 AM	2025	4	02/01/2035	109.834	2.75	02/01/2034	100	10000	Inter-dealer trade	
02/06/2025 09:04:40 AM	2025	4	02/01/2035	109.834	2.75	02/01/2034	100	10000	Customer bought	
02/06/2025 09:04:42 AM	2025	5	02/01/2029	109.295	2.5	02/01/2029	100	25000	Inter-dealer trade	
02/06/2025 09:04:42 AM	2025	5	02/01/2029	109.295	2.5	02/01/2029	100	25000	Customer bought	
02/06/2025 09:04:44 AM	2025	5	02/01/2030	111.374	2.53	02/01/2030	100	20000	Inter-dealer trade	
02/06/2025 09:04:44 AM	2025	5	02/01/2030	111.374	2.53	02/01/2030	100	20000	Customer bought	
02/06/2025 09:04:48 AM	2025	4	02/01/2052	98.376	4.1	02/01/2052	100	50000	Customer bought	
02/06/2025 09:04:48 AM	2025	4	02/01/2052	98.376	4.1	02/01/2052	100	50000	Inter-dealer trade	
02/06/2025 09:04:50 AM	2025	5	02/01/2031	113.456	2.54	02/01/2031	100	30000	Inter-dealer trade	
02/06/2025 09:04:50 AM	2025	5	02/01/2031	113.456	2.54	02/01/2031	100	30000	Customer bought	
02/06/2025 09:04:54 AM	2025	4	02/01/2054	97.98	4.12	02/01/2054	100	50000	Inter-dealer trade	
02/06/2025 09:04:54 AM	2025	4	02/01/2054	97.98	4.12	02/01/2054	100	50000	Customer bought	
02/06/2025 09:04:57 AM	2025	4	02/01/2045	99.997	4	02/01/2045	100	45000	Inter-dealer trade	
02/06/2025 09:04:57 AM	2025	4	02/01/2045	99.997	4	02/01/2045	100	45000	Customer bought	
02/06/2025 09:05:17 AM	2025	4	02/01/2055	97.775	4.13	02/01/2055	100	20000	Inter-dealer trade	
02/06/2025 09:05:17 AM	2025	4	02/01/2055	97.775	4.13	02/01/2055	100	20000	Customer bought	
02/06/2025 09:05:19 AM	2025	4	02/01/2055	97.775	4.13	02/01/2055	100	25000	Inter-dealer trade	
02/06/2025 09:05:19 AM	2025	4	02/01/2055	97.775	4.13	02/01/2055	100	25000	Customer bought	
02/06/2025 09:05:21 AM	2025	4	02/01/2045	99.997	4	02/01/2045	100	50000	Inter-dealer trade	
02/06/2025 09:05:21 AM	2025	4	02/01/2045	99.997	4	02/01/2045	100	50000	Customer bought	
02/06/2025 09:05:23 AM	2025	4	02/01/2052	98.376	4.1	02/01/2052	100	50000	Customer bought	
02/06/2025 09:05:23 AM	2025	4	02/01/2052	98.376	4.1	02/01/2052	100	50000	Inter-dealer trade	
02/06/2025 09:05:30 AM	2025	4	02/01/2055	97.775	4.13	02/01/2055	100	5000	Customer bought	
02/06/2025 09:05:30 AM	2025	4	02/01/2055	97.775	4.13	02/01/2055	100	5000	Inter-dealer trade	
02/06/2025 09:05:33 AM	2025	4	02/01/2052	98.376	4.1	02/01/2052	100	20000	Customer bought	
02/06/2025 09:05:33 AM	2025	4	02/01/2052	98.376	4.1	02/01/2052	100	20000	Inter-dealer trade	
02/06/2025 09:05:35 AM	2025	4	02/01/2052	98.376	4.1	02/01/2052	100	5000	Inter-dealer trade	
02/06/2025 09:05:35 AM	2025	4	02/01/2052	98.376	4.1	02/01/2052	100	5000	Customer bought	
02/06/2025 09:05:40 AM	2025	4	02/01/2045	99.997	4	02/01/2045	100	20000	Inter-dealer trade	
02/06/2025 09:05:40 AM	2025	4	02/01/2045	99.997	4	02/01/2045	100	20000	Customer bought	
02/06/2025 09:05:42 AM	2025	4	02/01/2045	99.997	4	02/01/2045	100	10000	Inter-dealer trade
02/06/2025 09:05:42 AM	2025	4	02/01/2045	99.997	4	02/01/2045	100	10000	Customer bought	
02/06/2025 09:05:44 AM	2025	4	02/01/2052	98.376	4.1	02/01/2052	100	100000	Customer bought	
02/06/2025 09:05:44 AM	2025	4	02/01/2052	98.376	4.1	02/01/2052	100	100000	Inter-dealer trade	
02/06/2025 09:05:49 AM	2025	4	02/01/2055	97.775	4.13	02/01/2055	100	5000	Customer bought	
02/06/2025 09:05:49 AM	2025	4	02/01/2055	97.775	4.13	02/01/2055	100	5000	Inter-dealer trade	
02/06/2025 09:05:51 AM	2025	4	02/01/2045	99.997	4	02/01/2045	100	5000	Customer bought	
02/06/2025 09:05:51 AM	2025	4	02/01/2045	99.997	4	02/01/2045	100	5000	Inter-dealer trade	
02/06/2025 09:05:53 AM	2025	4	02/01/2045	99.997	4	02/01/2045	100	15000	Inter-dealer trade	
02/06/2025 09:05:53 AM	2025	4	02/01/2045	99.997	4	02/01/2045	100	15000	Customer bought	
02/06/2025 09:05:57 AM	2025	4	02/01/2055	97.775	4.13	02/01/2055	100	5000	Inter-dealer trade	
02/06/2025 09:05:57 AM	2025	4	02/01/2055	97.775	4.13	02/01/2055	100	5000	Customer bought	
02/06/2025 09:06:00 AM	2025	4	02/01/2045	99.997	4	02/01/2045	100	50000	Inter-dealer trade	
02/06/2025 09:06:00 AM	2025	4	02/01/2045	99.997	4	02/01/2045	100	50000	Customer bought	
02/06/2025 09:06:04 AM	2025	4	02/01/2052	98.376	4.1	02/01/2052	100	10000	Customer bought	
02/06/2025 09:06:04 AM	2025	4	02/01/2052	98.376	4.1	02/01/2052	100	10000	Inter-dealer trade	
02/06/2025 09:06:07 AM	2025	4	02/01/2045	99.997	4	02/01/2045	100	75000	Inter-dealer trade	
02/06/2025 09:06:07 AM	2025	4	02/01/2045	99.997	4	02/01/2045	100	75000	Customer bought	
02/06/2025 09:06:08 AM	2025	4	02/01/2045	99.997	4	02/01/2045	100	10000	Inter-dealer trade	
02/06/2025 09:06:08 AM	2025	4	02/01/2045	99.997	4	02/01/2045	100	10000	Customer bought	
02/06/2025 09:06:14 AM	2025	4	02/01/2055	97.775	4.13	02/01/2055	100	50000	Inter-dealer trade	
02/06/2025 09:06:14 AM	2025	4	02/01/2055	97.775	4.13	02/01/2055	100	50000	Customer bought	
02/06/2025 09:09:06 AM	2025	4	02/01/2039	106.97	3.1	02/01/2034	100	350000	Customer bought	
02/06/2025 09:11:37 AM	2025	4	02/01/2042	103.183	3.58	02/01/2034	100	255000	Customer bought	
02/06/2025 09:11:47 AM	2025	5	02/01/2031	113.456	2.54	02/01/2031	100	245000	Customer bought	
02/06/2025 09:11:54 AM	2025	5	02/01/2030	111.374	2.53	02/01/2030	100	25000	Customer bought	
02/06/2025 09:12:00 AM	2025	5	02/01/2029	109.295	2.5	02/01/2029	100	25000	Customer bought	
02/06/2025 09:12:33 AM	2025	5	02/01/2031	113.456	2.54	02/01/2031	100	50000	Customer bought	
02/06/2025 09:12:33 AM	2025	5	02/01/2031	113.456	2.54	02/01/2031	100	50000	Inter-dealer trade	
02/06/2025 09:12:44 AM	2025	5	02/01/2030	111.374	2.53	02/01/2030	100	10000	Inter-dealer trade	
02/06/2025 09:12:44 AM	2025	5	02/01/2030	111.374	2.53	02/01/2030	100	10000	Customer bought	
02/06/2025 09:16:11 AM	2025	5	02/01/2030	111.374	2.53	02/01/2030	100	10000	Inter-dealer trade	
02/06/2025 09:16:11 AM	2025	5	02/01/2030	111.374	2.53	02/01/2030	100	10000	Customer bought	
02/06/2025 09:16:14 AM	2025	5	02/01/2029	109.295	2.5	02/01/2029	100	40000	Inter-dealer trade	
02/06/2025 09:16:14 AM	2025	5	02/01/2029	109.295	2.5	02/01/2029	100	40000	Customer bought	
02/06/2025 09:20:29 AM	2023	5	12/01/2026	104.409	2.5	12/01/2026	100	135000	Customer bought	
02/06/2025 09:20:29 AM	2023	5	12/01/2026	104.359	2.528	12/01/2026	100	135000	Inter-dealer trade	
02/06/2025 09:25:16 AM	2025	4	02/01/2055	97.775	4.13	02/01/2055	100	25000	Inter-dealer trade	
02/06/2025 09:25:16 AM	2025	4	02/01/2055	97.775	4.13	02/01/2055	100	25000	Customer bought	
02/06/2025 09:26:45 AM	2025	4	02/01/2052	98.376	4.1	02/01/2052	100	25000	Inter-dealer trade	
02/06/2025 09:26:45 AM	2025	4	02/01/2052	98.376	4.1	02/01/2052	100	25000	Customer bought	
02/06/2025 10:54:45 AM	2019	5	09/01/2029	108.072	2.614	09/01/2028	100	50000	Customer bought	
02/06/2025 10:54:46 AM	2019	5	09/01/2029	108.072	2.614	09/01/2028	100	50000	Inter-dealer trade	
02/06/2025 11:31:27 AM	2025	4	02/01/2040	105.769	3.25	02/01/2034	100	50000	Inter-dealer trade	
02/06/2025 11:31:27 AM	2025	4	02/01/2040	105.769	3.25	02/01/2034	100	50000	Customer bought	
02/06/2025 11:40:25 AM	2025	4	02/01/2055	97.775	4.13	02/01/2055	100	5000	Inter-dealer trade	
02/06/2025 11:40:25 AM	2025	4	02/01/2055	97.775	4.13	02/01/2055	100	5000	Customer bought	
02/06/2025 12:09:00 PM	2025	4	02/01/2055	97.775	4.13	02/01/2055	100	10000	Customer bought	
02/06/2025 12:09:00 PM	2025	4	02/01/2055	97.775	4.13	02/01/2055	100	10000	Inter-dealer trade	
02/06/2025 12:15:50 PM	2025	4	02/01/2054	97.98	4.12	02/01/2054	100	5000	Inter-dealer trade	
02/06/2025 12:15:50 PM	2025	4	02/01/2054	97.98	4.12	02/01/2054	100	5000	Customer bought	
02/06/2025 12:15:56 PM	2025	4	02/01/2037	108.595	2.9	02/01/2034	100	80000	Inter-dealer trade	
02/06/2025 12:15:56 PM	2025	4	02/01/2037	108.595	2.9	02/01/2034	100	80000	Customer bought	
02/06/2025 12:19:32 PM	2022	5	10/15/2028	108.672	2.522	10/15/2028	100	10000	Customer sold
02/06/2025 01:28:21 PM	2025	4	02/01/2054	97.98	4.12	02/01/2054	100	50000	Inter-dealer trade	
02/06/2025 01:28:21 PM	2025	4	02/01/2054	97.98	4.12	02/01/2054	100	50000	Inter-dealer trade	
02/06/2025 01:33:32 PM	2025	4	02/01/2054	99.375	4.037	02/01/2054	100	50000	Customer bought	
02/06/2025 01:57:31 PM	2025	5	02/01/2031	113.456	2.54	02/01/2031	100	50000	Customer bought	
02/06/2025 01:57:31 PM	2025	5	02/01/2031	113.456	2.54	02/01/2031	100	50000	Inter-dealer trade	
02/06/2025 02:31:47 PM	2016	4	11/01/2029	101.651	3.013	11/01/2026	100	365000	Customer sold	
02/06/2025 02:31:47 PM	2016	4	11/01/2029	101.651	3.013	11/01/2026	100	365000	Inter-dealer trade
02/06/2025 02:41:45 PM	2025	4	02/01/2052	98.376	4.1	02/01/2052	100	5000	Customer bought	
02/06/2025 02:41:45 PM	2025	4	02/01/2052	98.376	4.1	02/01/2052	100	5000	Inter-dealer trade	
02/07/2025 07:38:23 AM	2025	4	02/01/2054	97.98	4.12	02/01/2054	100	10000	Inter-dealer trade	
02/07/2025 07:38:23 AM	2025	4	02/01/2054	97.98	4.12	02/01/2054	100	10000	Customer bought	
02/07/2025 08:23:21 AM	2025	4	02/01/2044	101.197	3.84	02/01/2034	100	10000	Customer bought	
02/07/2025 08:23:21 AM	2025	4	02/01/2044	101.197	3.84	02/01/2034	100	10000	Inter-dealer trade	
02/07/2025 09:15:35 AM	2016	4	11/01/2029	102.088	2.75	11/01/2026	100	100000	Inter-dealer trade	
02/07/2025 09:15:35 AM	2016	4	11/01/2029	102.088	2.75	11/01/2026	100	100000	Customer bought	
02/07/2025 09:43:51 AM	2025	4	02/01/2054	97.98	4.12	02/01/2054	100	175000	Inter-dealer trade	
02/07/2025 09:43:51 AM	2025	4	02/01/2054	98.355	4.097	02/01/2054	100	175000	Inter-dealer trade	
02/07/2025 09:43:51 AM	2025	4	02/01/2054	99.855	4.008	02/01/2054	100	175000	Customer bought	
02/07/2025 09:43:51 AM	2025	4	02/01/2054	97.98	4.12	02/01/2054	100	175000	Inter-dealer trade	
02/07/2025 09:48:57 AM	2025	5	02/01/2031	113.456	2.54	02/01/2031	100	20000	Inter-dealer trade	
02/07/2025 09:48:57 AM	2025	5	02/01/2031	113.456	2.54	02/01/2031	100	20000	Customer bought	
02/07/2025 10:01:03 AM	2017	3	12/01/2032	96.225	3.558	12/01/2032	100	15000	Inter-dealer trade	
02/07/2025 10:01:03 AM	2017	3	12/01/2032	96.475	3.52	12/01/2032	100	15000	Inter-dealer trade	
02/07/2025 10:01:06 AM	2017	3	12/01/2032	95.744	3.63	12/01/2032	100	15000	Customer sold
02/07/2025 10:56:05 AM	2025	4	02/01/2053	98.18	4.11	02/01/2053	100	50000	Inter-dealer trade	
02/07/2025 10:56:05 AM	2025	4	02/01/2053	98.055	4.118	02/01/2053	100	50000	Inter-dealer trade	
02/07/2025 10:56:09 AM	2025	4	02/01/2053	98.18	4.11	02/01/2053	100	50000	Customer bought	
02/07/2025 12:06:48 PM	2025	4	02/01/2053	98.12	4.114	02/01/2053	100	125000	Inter-dealer trade	
02/07/2025 12:06:48 PM	2025	4	02/01/2053	98.18	4.11	02/01/2053	100	125000	Inter-dealer trade	
02/07/2025 12:07:22 PM	2025	4	02/01/2053	99.93	4.004	02/01/2053	100	125000	Customer bought	
02/07/2025 01:51:06 PM	2016	4	11/01/2028	101.853	2.889	11/01/2026	100	135000	Customer sold	
02/10/2025 07:44:34 AM	2025	4	02/01/2037	108.595	2.9	02/01/2034	100	20000	Customer bought	
02/10/2025 07:44:34 AM	2025	4	02/01/2037	108.595	2.9	02/01/2034	100	20000	Inter-dealer trade	
02/10/2025 07:44:40 AM	2025	4	02/01/2044	101.197	3.84	02/01/2034	100	10000	Inter-dealer trade	
02/10/2025 07:44:40 AM	2025	4	02/01/2044	101.197	3.84	02/01/2034	100	10000	Customer bought	
02/10/2025 10:34:06 AM	2025	4	02/01/2055	97.775	4.13	02/01/2055	100	10000	Inter-dealer trade	
02/10/2025 10:34:07 AM	2025	4	02/01/2055	97.875	4.124	02/01/2055	100	10000	Customer bought	
02/10/2025 11:05:10 AM	2025	4	02/01/2036	109.419	2.8	02/01/2034	100	100000	Customer bought	
02/10/2025 11:05:10 AM	2025	4	02/01/2036	109.419	2.8	02/01/2034	100	100000	Inter-dealer trade	
02/10/2025 12:28:29 PM	2016	4	11/01/2028	102	2.8	11/01/2026	100	135000	Inter-dealer trade	
02/10/2025 12:28:29 PM	2016	4	11/01/2028	102	2.8	11/01/2026	100	135000	Customer bought	
02/10/2025 12:38:42 PM	2025	4	02/01/2040	105.769	3.25	02/01/2034	100	50000	Customer bought	
02/10/2025 12:38:42 PM	2025	4	02/01/2040	105.769	3.25	02/01/2034	100	50000	Inter-dealer trade	
02/10/2025 02:53:34 PM	2017	5	12/01/2027	106.629	2.536	12/01/2027	100	10000	Customer sold
02/10/2025 02:53:34 PM	2017	5	12/01/2027	106.799	2.475	12/01/2027	100	10000	Customer bought
02/10/2025 02:53:34 PM	2017	5	12/01/2027	106.699	2.511	12/01/2027	100	10000	Inter-dealer trade	
02/10/2025 04:25:32 PM	2021	2	09/15/2036	80.314	4.157	09/15/2036	100	60000	Customer bought
02/10/2025 04:25:32 PM	2021	2	09/15/2036	80.249	4.165	09/15/2036	100	60000	Inter-dealer trade	
02/11/2025 10:48:40 AM	2025	4	02/01/2044	101.197	3.84	02/01/2034	100	115000	Customer bought	
02/11/2025 10:48:40 AM	2025	4	02/01/2044	101.197	3.84	02/01/2034	100	115000	Inter-dealer trade	
02/11/2025 01:26:11 PM	2025	4	02/01/2055	97.44	4.15	02/01/2055	100	25000	Inter-dealer trade	
02/11/2025 01:26:14 PM	2025	4	02/01/2055	97.44	4.15	02/01/2055	100	25000	Customer bought	
02/11/2025 01:59:32 PM	2022	5	10/15/2026	103.871	2.62	10/15/2026	100	5000	Customer bought
02/11/2025 01:59:32 PM	2022	5	10/15/2026	103.796	2.665	10/15/2026	100	5000	Inter-dealer trade	
02/11/2025 01:59:32 PM	2022	5	10/15/2026	103.696	2.725	10/15/2026	100	5000	Customer sold
02/11/2025 01:59:32 PM	2022	5	10/15/2026	103.796	2.665	10/15/2026	100	5000	Inter-dealer trade
02/11/2025 02:25:49 PM	2017	5	12/01/2027	106.655	2.524	12/01/2027	100	40000	Customer sold
02/11/2025 03:03:06 PM	2025	4	02/01/2055	97.44	4.15	02/01/2055	100	25000	Inter-dealer trade	
02/11/2025 03:03:06 PM	2025	4	02/01/2055	97.19	4.165	02/01/2055	100	25000	Inter-dealer trade	
02/11/2025 03:05:40 PM	2025	4	02/01/2055	99.75	4.014	02/01/2055	100	25000	Customer bought	
02/12/2025 07:42:13 AM	2025	4	02/01/2035	109.834	2.75	02/01/2034	100	25000	Customer bought	
02/12/2025 07:42:13 AM	2025	4	02/01/2035	109.834	2.75	02/01/2034	100	25000	Inter-dealer trade	
02/12/2025 08:19:16 AM	2017	5	12/01/2026	104.135	2.631	12/01/2026	100	20000	Customer bought
02/12/2025 10:20:03 AM	2023	4	12/01/2047	97.21	4.191	12/01/2047	100	5000	Customer sold
02/12/2025 10:20:03 AM	2023	4	12/01/2047	97.45	4.174	12/01/2047	100	5000	Customer bought
02/12/2025 10:20:03 AM	2023	4	12/01/2047	97.35	4.181	12/01/2047	100	5000	Inter-dealer trade	
02/12/2025 10:20:03 AM	2023	4	12/01/2047	97.35	4.181	12/01/2047	100	5000	Inter-dealer trade
02/12/2025 12:26:47 PM	2023	4	12/01/2048	96.855	4.21	12/01/2048	100	15000	Customer sold
02/12/2025 12:26:47 PM	2023	4	12/01/2048	96.92	4.206	12/01/2048	100	15000	Inter-dealer trade
02/12/2025 12:26:47 PM	2023	4	12/01/2048	97.02	4.199	12/01/2048	100	15000	Customer bought
02/12/2025 12:26:47 PM	2023	4	12/01/2048	96.92	4.206	12/01/2048	100	15000	Inter-dealer trade	
02/12/2025 02:44:34 PM	2025	4	02/01/2040	103.803	3.5	02/01/2034	100	35000	Customer bought	
02/13/2025 07:36:41 AM	2025	4	02/01/2043	100.745	3.9	02/01/2034	100	15000	Inter-dealer trade	
02/13/2025 07:36:41 AM	2025	4	02/01/2043	100.745	3.9	02/01/2034	100	15000	Customer bought	
02/13/2025 07:36:43 AM	2025	4	02/01/2035	107.779	3	02/01/2034	100	5000	Inter-dealer trade	
02/13/2025 07:36:43 AM	2025	4	02/01/2035	107.779	3	02/01/2034	100	5000	Customer bought	
02/13/2025 09:07:56 AM	2025	4	02/01/2036	107.374	3.05	02/01/2034	100	245000	Customer bought	
02/13/2025 09:07:56 AM	2025	4	02/01/2036	107.374	3.05	02/01/2034	100	245000	Inter-dealer trade	
02/13/2025 09:24:50 AM	2025	4	02/01/2035	107.779	3	02/01/2034	100	225000	Customer bought	
02/13/2025 09:24:50 AM	2025	4	02/01/2035	107.779	3	02/01/2034	100	225000	Inter-dealer trade	
02/13/2025 09:31:42 AM	2025	4	02/01/2043	100.745	3.9	02/01/2034	100	25000	Customer bought	
02/13/2025 09:31:42 AM	2025	4	02/01/2043	100.745	3.9	02/01/2034	100	25000	Inter-dealer trade	
02/13/2025 09:43:29 AM	2016	4	11/01/2029	101.822	2.9	11/01/2026	100	100000	Customer bought	
02/13/2025 09:43:29 AM	2016	4	11/01/2029	101.822	2.9	11/01/2026	100	100000	Inter-dealer trade	
02/13/2025 09:51:15 AM	2025	4	02/01/2043	100.745	3.9	02/01/2034	100	20000	Inter-dealer trade	
02/13/2025 09:51:15 AM	2025	4	02/01/2043	101.12	3.85	02/01/2034	100	20000	Inter-dealer trade	
02/13/2025 09:51:15 AM	2025	4	02/01/2043	100.745	3.9	02/01/2034	100	20000	Inter-dealer trade	
02/13/2025 09:51:15 AM	2025	4	02/01/2043	103.12	3.588	02/01/2034	100	20000	Customer bought	
02/13/2025 10:44:14 AM	2016	4	11/01/2029	101.822	2.9	11/01/2026	100	165000	Inter-dealer trade	
02/13/2025 10:44:15 AM	2016	4	11/01/2029	101.822	2.9	11/01/2026	100	165000	Inter-dealer trade
02/13/2025 10:44:15 AM	2016	4	11/01/2029	101.822	2.9	11/01/2026	100	165000	Customer bought	
02/13/2025 10:49:32 AM	2025	4	02/01/2037	106.408	3.17	02/01/2034	100	225000	Inter-dealer trade	
02/13/2025 10:51:04 AM	2025	4	02/01/2037	106.533	3.154	02/01/2034	100	225000	Customer bought	
02/13/2025 11:59:40 AM	2025	4	02/01/2035	107.698	3.01	02/01/2034	100	135000	Customer bought	
02/13/2025 12:05:42 PM	2025	4	02/01/2043	100.745	3.9	02/01/2034	100	45000	Customer bought	
02/13/2025 12:05:42 PM	2025	4	02/01/2043	100.745	3.9	02/01/2034	100	45000	Inter-dealer trade	
02/13/2025 12:05:44 PM	2025	4	02/01/2041	102.644	3.65	02/01/2034	100	160000	Customer bought	
02/13/2025 12:05:44 PM	2025	4	02/01/2041	102.644	3.65	02/01/2034	100	160000	Inter-dealer trade	
02/13/2025 12:05:45 PM	2025	4	02/01/2040	103.803	3.5	02/01/2034	100	155000	Inter-dealer trade	
02/13/2025 12:05:45 PM	2025	4	02/01/2040	103.803	3.5	02/01/2034	100	155000	Customer bought	
02/13/2025 12:06:41 PM	2025	4	02/01/2043	100.745	3.9	02/01/2034	100	10000	Inter-dealer trade	
02/13/2025 12:06:41 PM	2025	4	02/01/2043	100.745	3.9	02/01/2034	100	10000	Customer bought	
02/13/2025 02:48:39 PM	2025	4	02/01/2040	103.803	3.5	02/01/2034	100	10000	Customer bought	
02/13/2025 02:48:39 PM	2025	4	02/01/2040	103.803	3.5	02/01/2034	100	10000	Inter-dealer trade	
02/14/2025 07:41:26 AM	2025	4	02/01/2043	100.745	3.9	02/01/2034	100	5000	Inter-dealer trade	
02/14/2025 07:41:26 AM	2025	4	02/01/2043	100.745	3.9	02/01/2034	100	5000	Customer bought	
02/14/2025 09:36:26 AM	2025	4	02/01/2055	96.113	4.23	02/01/2055	100	25000	Inter-dealer trade	
02/14/2025 09:36:27 AM	2025	4	02/01/2055	98.035	4.115	02/01/2055	100	25000	Customer bought	
02/14/2025 09:36:27 AM	2025	4	02/01/2055	96.113	4.23	02/01/2055	100	25000	Inter-dealer trade	
02/14/2025 10:34:25 AM	2018	4	12/01/2032	102.42	3.085	12/01/2027	100	15000	Inter-dealer trade
02/14/2025 02:24:08 PM	2018	4	12/01/2032	102.932	2.896	12/01/2027	100	15000	Customer bought
02/18/2025 07:36:32 AM	2025	4	02/01/2043	100.745	3.9	02/01/2034	100	5000	Inter-dealer trade	
02/18/2025 07:36:32 AM	2025	4	02/01/2043	100.745	3.9	02/01/2034	100	5000	Customer bought	
02/18/2025 07:41:41 AM	2025	4	02/01/2043	100.745	3.9	02/01/2034	100	10000	Customer bought	
02/18/2025 07:41:41 AM	2025	4	02/01/2043	100.745	3.9	02/01/2034	100	10000	Inter-dealer trade	
02/18/2025 07:41:42 AM	2025	4	02/01/2043	100.745	3.9	02/01/2034	100	20000	Inter-dealer trade	
02/18/2025 07:41:42 AM	2025	4	02/01/2043	100.745	3.9	02/01/2034	100	20000	Customer bought	
02/18/2025 10:05:29 AM	2025	4	02/01/2055	95.613	4.261	02/01/2055	100	5000	Inter-dealer trade	
02/18/2025 10:05:29 AM	2025	4	02/01/2055	96.688	4.195	02/01/2055	100	5000	Customer bought	
02/18/2025 10:05:29 AM	2025	4	02/01/2055	96.488	4.207	02/01/2055	100	5000	Inter-dealer trade	
02/18/2025 10:05:29 AM	2025	4	02/01/2055	96.113	4.23	02/01/2055	100	5000	Inter-dealer trade	
02/18/2025 10:20:19 AM	2025	4	02/01/2055	97.113	4.17	02/01/2055	100	10000	Customer bought	
02/18/2025 10:20:19 AM	2025	4	02/01/2055	96.113	4.23	02/01/2055	100	10000	Inter-dealer trade	
02/18/2025 01:55:41 PM	2023	4	12/01/2048	97.452	4.17	12/01/2048	100	20000	Customer sold
02/18/2025 01:55:41 PM	2023	4	12/01/2048	97.517	4.165	12/01/2048	100	20000	Inter-dealer trade	
02/18/2025 01:55:42 PM	2023	4	12/01/2048	97.617	4.158	12/01/2048	100	20000	Customer bought
02/18/2025 02:30:20 PM	2025	4	02/01/2043	100.745	3.9	02/01/2034	100	20000	Inter-dealer trade	
02/18/2025 02:30:20 PM	2025	4	02/01/2043	100.745	3.9	02/01/2034	100	20000	Customer bought	
02/19/2025 07:41:10 AM	2025	4	02/01/2043	100.745	3.9	02/01/2034	100	50000	Inter-dealer trade	
02/19/2025 07:41:10 AM	2025	4	02/01/2043	100.745	3.9	02/01/2034	100	50000	Customer bought	
02/19/2025 10:50:54 AM	2025	4	02/01/2053	97.806	4.133	02/01/2053	100	105000	Customer bought	
02/19/2025 11:05:02 AM	2025	4	02/01/2055	97.794	4.129	02/01/2055	100	15000	Customer bought	
02/19/2025 11:05:02 AM	2025	4	02/01/2055	96.113	4.23	02/01/2055	100	15000	Inter-dealer trade	
02/19/2025 02:03:18 PM	2025	4	02/01/2043	100.745	3.9	02/01/2034	100	30000	Inter-dealer trade	
02/19/2025 02:03:18 PM	2025	4	02/01/2043	100.745	3.9	02/01/2034	100	30000	Customer bought	
02/19/2025 02:57:58 PM	2025	4	02/01/2038	105.372	3.3	02/01/2034	100	25000	Inter-dealer trade	
02/19/2025 02:57:58 PM	2025	4	02/01/2038	105.372	3.3	02/01/2034	100	25000	Customer bought	
02/19/2025 03:06:07 PM	2025	4	02/01/2041	102.644	3.65	02/01/2034	100	90000	Customer bought	
02/19/2025 03:06:07 PM	2025	4	02/01/2041	102.644	3.65	02/01/2034	100	90000	Inter-dealer trade	
02/20/2025 07:42:40 AM	2025	4	02/01/2043	100.745	3.9	02/01/2034	100	10000	Inter-dealer trade	
02/20/2025 07:42:40 AM	2025	4	02/01/2043	100.745	3.9	02/01/2034	100	10000	Customer bought	
02/20/2025 07:42:46 AM	2025	4	02/01/2038	105.372	3.3	02/01/2034	100	20000	Inter-dealer trade	
02/20/2025 07:42:46 AM	2025	4	02/01/2038	105.372	3.3	02/01/2034	100	20000	Customer bought	
02/20/2025 11:48:20 AM	2025	4	02/01/2038	105.531	3.28	02/01/2034	100	250000	Inter-dealer trade	
02/20/2025 11:48:23 AM	2025	4	02/01/2038	105.531	3.28	02/01/2034	100	250000	Customer bought	
02/20/2025 04:49:03 PM	2021	5	09/15/2030	109.78	2.708	09/15/2029	100	5000	Customer bought
02/21/2025 08:34:28 AM	2021	2	09/15/2036	80	4.202	09/15/2036	100	5000	Inter-dealer trade
02/21/2025 08:34:28 AM	2021	2	09/15/2036	80	4.202	09/15/2036	100	5000	Customer bought	
02/21/2025 10:41:17 AM	2025	4	02/01/2038	105.056	3.34	02/01/2034	100	55000	Customer bought	
02/24/2025 11:07:10 AM	2016	4	11/01/2028	101.879	2.847	11/01/2026	100	30000	Customer sold
02/24/2025 11:07:11 AM	2022	5	10/15/2030	112.74	2.559	10/15/2030	100	45000	Customer sold
02/24/2025 01:49:25 PM	2023	4	12/01/2047	98.071	4.131	12/01/2047	100	5000	Inter-dealer trade	
02/24/2025 01:49:25 PM	2023	4	12/01/2047	97.931	4.141	12/01/2047	100	5000	Customer sold
02/24/2025 01:49:25 PM	2023	4	12/01/2047	98.071	4.131	12/01/2047	100	5000	Inter-dealer trade
02/24/2025 01:49:25 PM	2023	4	12/01/2047	98.171	4.124	12/01/2047	100	5000	Customer bought
02/24/2025 01:51:44 PM	2019	5	09/01/2029	107.486	2.752	09/01/2028	100	5000	Inter-dealer trade
02/24/2025 01:51:44 PM	2019	5	09/01/2029	107.486	2.752	09/01/2028	100	5000	Customer bought
02/24/2025 03:52:14 PM	2022	4	10/15/2047	98.125	4.128	10/15/2047	100	300000	Inter-dealer trade	
02/24/2025 03:54:11 PM	2022	4	10/15/2047	97.025	4.205	10/15/2047	100	300000	Customer sold
02/24/2025 03:54:30 PM	2022	4	10/15/2047	98.025	4.135	10/15/2047	100	300000	Inter-dealer trade	
02/24/2025 04:35:36 PM	2017	3	12/01/2037	91.753	3.822	12/01/2037	100	25000	Customer bought	
02/24/2025 04:35:36 PM	2017	3	12/01/2037	91.753	3.822	12/01/2037	100	25000	Inter-dealer trade
02/27/2025 11:32:00 AM	2014	2.25	11/01/2027	97.443	3.255	11/01/2027	100	5000	Customer bought
02/27/2025 11:32:00 AM	2014	2.25	11/01/2027	97.343	3.295	11/01/2027	100	5000	Inter-dealer trade
02/27/2025 11:32:00 AM	2014	2.25	11/01/2027	97.343	3.295	11/01/2027	100	5000	Inter-dealer trade
02/27/2025 10:59:21 AM	2021	2	09/15/2035	83.156	3.97	09/15/2035	100	10000	Inter-dealer trade
02/27/2025 10:59:21 AM	2021	2	09/15/2035	83.156	3.97	09/15/2035	100	10000	Customer sold
02/27/2025 10:10:41 AM	2022	4	10/15/2047	99.995	4	10/15/2047	100	25000	Customer bought
02/27/2025 10:05:21 AM	2010	3.125	08/15/2026	99.963	3.15	08/15/2026	100	25000	Customer bought
02/26/2025 03:55:40 PM	2014	2.25	11/01/2027	95.521	4.03	11/01/2027	100	5000	Customer sold
02/26/2025 03:55:40 PM	2014	2.25	11/01/2027	95.621	3.989	11/01/2027	100	5000	Inter-dealer trade
02/26/2025 03:55:24 PM	2010	3.125	08/15/2026	99.56	3.435	08/15/2026	100	25000	Inter-dealer trade
02/26/2025 03:55:24 PM	2010	3.125	08/15/2026	99.46	3.505	08/15/2026	100	25000	Customer sold
02/26/2025 01:21:26 PM	2022	4	10/15/2047	99.6	4.027	10/15/2047	100	100000	Customer bought
02/25/2025 03:19:25 PM	2022	4	10/15/2047	100	3.999	10/15/2031	100	25000	Customer bought
02/25/2025 02:41:56 PM	2017	3	12/01/2033	96.066	3.525	12/01/2033	100	5000	Inter-dealer trade
02/25/2025 01:10:36 PM	2019	5	09/01/2029	107.74	2.677	09/01/2028	100	5000	Customer sold
02/25/2025 12:54:20 PM	2023	5	12/01/2026	104.164	2.568	12/01/2026	100	10000	Customer sold
02/25/2025 12:54:20 PM	2023	5	12/01/2026	104.164	2.568	12/01/2026	100	10000	Inter-dealer trade
02/25/2025 11:57:31 AM	2017	5	12/01/2025	101.458	3.048	12/01/2025	100	10000	Customer sold
02/25/2025 11:57:31 AM	2017	5	12/01/2025	101.578	2.891	12/01/2025	100	10000	Inter-dealer trade
02/25/2025 10:51:13 AM	2022	4	10/15/2047	100.125	3.978	10/15/2031	100	25000	Customer bought
02/25/2025 09:26:55 AM	2022	4	10/15/2047	99.125	4.059	10/15/2047	100	25000	Customer bought
02/25/2025 09:26:53 AM	2022	4	10/15/2047	99.125	4.059	10/15/2047	100	25000	Inter-dealer trade
